,count,mean,std,min,25%,50%,75%,max,median,mode
happiness_score,1233.0,5.508486598172964,1.089528431962279,1.859,4.642,5.483,6.334,7.842,5.483,4.81114996525
logged_gdp_per_capita,1233.0,7.7735120390100185,1.5319500799577066,0.0,6.840546529288687,7.22983877815125,8.62,11.66,7.22983877815125,7.59294153494693
healthy_life_expectancy,1233.0,50.48606947159367,18.886098143698273,0.0,35.31696,55.33248,66.40434265,79.5984,55.33248,45.708004075
social_support,1233.0,0.9208254489345478,0.34122079820672785,0.0,0.71629,0.896,1.174,1.644,0.896,0.556479675
freedom_to_make_life_choices,1233.0,0.5573332458152104,0.2131912997292905,0.0,0.406,0.548,0.724,0.974998116,0.548,0.312
perceptions_of_corruption,1233.0,0.31386022786723783,0.32524552521608496,0.0,0.052,0.135,0.682619512,0.939,0.135,0.0
generosity,1233.0,0.1481125032982826,0.17102278446632202,-0.300907373,0.0466930419206619,0.150112465023994,0.24991,0.838075160980225,0.150112465023994,0.175
